{
    "ai-helper": {
        "title": "AI Helper",
        "description": "A companion to write a title, excerpt and post content with AI technologies.",
        "version": "1.0",
        "required": true
    },
    "audio-effects": {
        "title": "Audio effects",
        "description": "Adds sound effects to the site: background music, hover and click sounds for links and buttons, etc.",
        "version": "1.4"
    },
    "bg-canvas": {
        "title": "Dynamic Background",
        "description": "Allows you to set control points between which the page background will change dynamically.",
        "version": "1.3"
    },
    "bg-colors": {
        "title": "Background colors",
        "description": "Reference colors for sections by which the background of the page will change when scrolling.",
        "version": "1.1"
    },
    "bg-slides": {
        "title": "Background slideshow",
        "description": "Add images as background to Elementor's sections and change its with pan and kenburn effects.",
        "version": "1.1"
    },
    "charts": {
        "title": "Charts",
        "description": "Adds a shortcode for creating different types of graphs and charts.",
        "version": "1.1"
    },
    "cpt-to-cart": {
        "title": "CPT to Cart",
        "description": "Allows custom post types to be added to the WooCommerce cart.",
        "version": "1.1"
    },
    "expand-collapse": {
        "title": "Expand / Collapse",
        "description": "Allows you to show more content in less area.",
        "version": "1.1"
    },
    "image-effects": {
        "title": "Image effects",
        "description": "Adds modern image hover effects based on WebGL distortions.",
        "version": "1.7"
    },
    "image-mask": {
        "title": "Image as a mask",
        "description": "Show parts of elements through the opaque areas of the picture.",
        "version": "1.1"
    },
    "image-scroll": {
        "title": "Image scroll",
        "description": "Scroll large image inside the fixed viewport on the mouse hover.",
        "version": "1.1"
    },
    "mouse-helper": {
        "title": "Mouse helper",
        "description": "Displays dynamic suggestions when the mouse hovers over various page objects.",
        "version": "1.9"
    },
    "qw-extension": {
        "title": "QW Extension",
        "description": "Provides additional theme functionality: new widgets types and styles.",
        "version": "1.3"
    },
    "secondary-image": {
        "title": "Secondary image",
        "description": "Allows you to specify an additional image, which is displayed when the mouse is hovered over the featured image.",
        "version": "1.2"
    },
    "smoke": {
        "title": "Smoke / Fog",
        "description": "Adds a shortcode that creates smoke (fog) following the mouse cursor.",
        "version": "1.1"
    },
    "spa": {
        "title": "SPA mode",
        "description": "Single Page Application imitation - preload pages on links hover.",
        "version": "1.1"
    },
    "bp-widgets": {
        "title": "BuddyPress widgets",
        "description": "Adds BuddyPress plugin widgets.",
        "version": "1.3",
        "updated": "2022-11-30"
    }
}